,epochs,train_losses,test_losses,train_accuracies,test_accuracies
0,1,0.17300120306830122,0.17960140175289577,tensor(47.6923),tensor(42.2222)
1,2,0.10691610179905199,0.12586303463688603,tensor(66.7521),tensor(59.2593)
2,3,0.07234069427363893,0.10384366468146995,tensor(80.1709),tensor(62.2222)
3,4,0.0552508652719677,0.09260645188667156,tensor(81.8803),tensor(65.9259)
4,5,0.04572433987234393,0.09420570433139801,tensor(83.9316),tensor(63.7037)
