,batch_size,img_size,num_epochs,learning_rate,epochs,train_losses,test_losses,train_accuracies,test_accuracies
0,1,128,5,0.0001,1,1.195148479598838,1.427646647165885,tensor(58.2906),tensor(45.5556)
1,1,128,5,0.0001,2,0.6824702925680222,1.0708276871361693,tensor(79.2308),tensor(61.8519)
2,1,128,5,0.0001,3,0.44056220566938836,0.9842755868433747,tensor(87.3504),tensor(65.1852)
3,1,128,5,0.0001,4,0.24102439257757985,0.8536308121010995,tensor(96.5812),tensor(70.7407)
4,1,128,5,0.0001,5,0.16194660258780794,0.85452058667241,tensor(97.6923),tensor(74.4444)
